[
  {
      "id":"1",
      "logo":"assets/health-page-logos/Medicines.svg",
      "title":"Medicines",
      "description":"1,00,000+ medicines",
      "btnText":"Explore"
  },

  {
      "id":"2",
      "logo":"assets/health-page-logos/Group 20997.svg",
      "title":"Lab Test",
      "description":"Home Sample Collection",
      "btnText":"Explore"
  },

  {
      "id":"3",
      "logo":"assets/health-page-logos/Group 20996 (1).svg",
      "title":"Fitness",
      "description":"Daily workout routines",
      "btnText":"Explore"
  },


  {
      "id":"4",
      "logo":"assets/health-page-logos/Group 20998.svg",
      "title":"Doctor Consultation",
      "description":"Chat, Video and Voice calls",
      "btnText":"Explore"
  }

]
