{
  "Status": "0",
  "Message": "Failure",
  "data": [
      {
          "productname": null,
          "productImage": "book.jpg",
          "productPrice": 100.09999847412108,
          "reportBy": "NA",
          "status": "Pending",
          "orderGuId": "350966E6-5DE8-4333-AB99-779F0C6C71BB"
      },
      {
          "productname": null,
          "productImage": "book.jpg",
          "productPrice": 100.09999847412108,
          "reportBy": "NA",
          "status": "Pending",
          "orderGuId": "3EAED5D6-AD4F-4E18-93CF-75E384363431"
      },
      {
          "productname": null,
          "productImage": "book.jpg",
          "productPrice": 100.09999847412108,
          "reportBy": "NA",
          "status": "Pending",
          "orderGuId": "3EAED5D6-AD4F-4E18-93CF-75E384363431"
      },
      {
          "productname": null,
          "productImage": "book.jpg",
          "productPrice": 100.09999847412108,
          "reportBy": "NA",
          "status": "Pending",
          "orderGuId": "3EAED5D6-AD4F-4E18-93CF-75E384363431"
      },
      {
          "productname": null,
          "productImage": "book.jpg",
          "productPrice": 100.09999847412108,
          "reportBy": "NA",
          "status": "Pending",
          "orderGuId": "09292BBE-A292-4946-8337-9C16F39EAA13"
      },
      {
          "productname": "Torus",
          "productImage": "book.jpg",
          "productPrice": 100.09999847412108,
          "reportBy": "NA",
          "status": "Pending",
          "orderGuId": "CF765C92-67E1-4061-A2EA-09F0A200303D"
      },
      {
          "productname": "Combolfilm",
          "productImage": "book.jpg",
          "productPrice": 100.09999847412108,
          "reportBy": "NA",
          "status": "Pending",
          "orderGuId": "D2CAD886-7831-4703-ADED-0B6C70C41429"
      },
      {
          "productname": "Combolfilm",
          "productImage": "book.jpg",
          "productPrice": 100.0999984741211,
          "reportBy": "NA",
          "status": "Pending",
          "orderGuId": "6599FCAE-761A-4B2E-8DDA-FFBEF5A959A1"
      },
      {
          "productname": "Combolfilm",
          "productImage": "book.jpg",
          "productPrice": 100.0999984741211,
          "reportBy": "NA",
          "status": "Pending",
          "orderGuId": "B99C45D6-DD67-432C-9074-8731B6C1D69C"
      },
      {
          "productname": "Helath",
          "productImage": "EEE",
          "productPrice": 56000.0,
          "reportBy": "NA",
          "status": "Pending",
          "orderGuId": "0434E393-86B5-407F-BA7A-121FD1EDC8C9"
      },
      {
          "productname": "Helath",
          "productImage": "EEE",
          "productPrice": 56000.0,
          "reportBy": "NA",
          "status": "Pending",
          "orderGuId": "662C2245-0300-47DB-A7EB-97B962A1BCC0"
      },
      {
          "productname": "Helath",
          "productImage": "EEE",
          "productPrice": 56000.0,
          "reportBy": "NA",
          "status": "Pending",
          "orderGuId": "5D2C9448-295B-4B0F-B25E-9B3DB7D0B22B"
      },
      {
          "productname": "Helath",
          "productImage": "EEE",
          "productPrice": 56000.0,
          "reportBy": "NA",
          "status": "Pending",
          "orderGuId": "4F8F7B1B-D6B4-42A4-8685-DC897CE02DA3"
      },
      {
          "productname": "Combolfilm",
          "productImage": "book.jpg",
          "productPrice": 100.0999984741211,
          "reportBy": "NA",
          "status": "Pending",
          "orderGuId": "37F848AE-7A50-4222-BE39-2502A7F7EB48"
      },
      {
          "productname": "Combolfilm",
          "productImage": "book.jpg",
          "productPrice": 100.0999984741211,
          "reportBy": "NA",
          "status": "Pending",
          "orderGuId": "B92CA17D-1A0C-4960-85B4-D96BF6DD017E"
      },
      {
          "productname": "Combolfilm",
          "productImage": "book.jpg",
          "productPrice": 100.0999984741211,
          "reportBy": "NA",
          "status": "Pending",
          "orderGuId": "2AAE1664-6F6F-4021-9ED2-E9537A39E860"
      },
      {
          "productname": "Combolfilm",
          "productImage": "book.jpg",
          "productPrice": 100.0999984741211,
          "reportBy": "NA",
          "status": "Pending",
          "orderGuId": "1FD55871-2A11-4649-AF25-2BEE27786634"
      },
      {
          "productname": "Combolfilm",
          "productImage": "book.jpg",
          "productPrice": 100.0999984741211,
          "reportBy": "NA",
          "status": "Pending",
          "orderGuId": "1DBEF0D3-1AD0-494D-940F-1F20FAA688B3"
      },
      {
          "productname": "Combolfilm1",
          "productImage": "book.jpg",
          "productPrice": 100.0999984741211,
          "reportBy": "NA",
          "status": "Pending",
          "orderGuId": "0DE04EBB-9EE0-4D82-A081-BAC70BCF228B"
      },
      {
          "productname": "Combolfilm1",
          "productImage": "book.jpg",
          "productPrice": 100.0999984741211,
          "reportBy": "NA",
          "status": "Pending",
          "orderGuId": "25A8AEA2-B45F-498B-A4DA-629706E239E1"
      },
      {
          "productname": "Combolfilm1",
          "productImage": "book.jpg",
          "productPrice": 100.0999984741211,
          "reportBy": "NA",
          "status": "Pending",
          "orderGuId": "370D4362-CDBC-4F25-AC47-470626321619"
      },
      {
          "productname": "Combolfilm1",
          "productImage": "book.jpg",
          "productPrice": 100.0999984741211,
          "reportBy": "NA",
          "status": "Pending",
          "orderGuId": "C7E09D79-7F13-4F2E-A648-4F4C8EA38649"
      },
      {
          "productname": "Combolfilm1",
          "productImage": "book.jpg",
          "productPrice": 100.0999984741211,
          "reportBy": "NA",
          "status": "Pending",
          "orderGuId": "40D00920-DBDF-43B8-BA3C-A0E7EB8638C1"
      },
      {
          "productname": "Combolfilm",
          "productImage": "book.jpg",
          "productPrice": 100.0999984741211,
          "reportBy": "NA",
          "status": "Pending",
          "orderGuId": "37B47617-811B-4406-8EE5-205DC393447C"
      },
      {
          "productname": "Combolfilm",
          "productImage": "book.jpg",
          "productPrice": 100.1,
          "reportBy": "NA",
          "status": "Pending",
          "orderGuId": "DFAB99A6-7629-4497-BD9F-8E0C6437C9E0"
      },
      {
          "productname": "Combolfilm",
          "productImage": "book.jpg",
          "productPrice": 100.1,
          "reportBy": "NA",
          "status": "Pending",
          "orderGuId": "224AC89A-FC11-47E0-B572-5CEC442377F0"
      },
      {
          "productname": "Combolfilm",
          "productImage": "book.jpg",
          "productPrice": 100.1,
          "reportBy": "NA",
          "status": "Pending",
          "orderGuId": "2131D13C-EDA1-4885-A33D-7D53C159C38E"
      },
      {
          "productname": "Combolfilm",
          "productImage": "book.jpg",
          "productPrice": 100.1,
          "reportBy": "NA",
          "status": "Pending",
          "orderGuId": "F53B5CE7-E91F-43C4-9FA1-CF0CFEAF276E"
      },
      {
          "productname": "Combolfilm",
          "productImage": "book.jpg",
          "productPrice": 100.1,
          "reportBy": "NA",
          "status": "Pending",
          "orderGuId": "5A398F93-BBEB-4E22-A821-3DFA4632B3F0"
      },
      {
          "productname": "Combolfilm",
          "productImage": "book.jpg",
          "productPrice": 100.1,
          "reportBy": "NA",
          "status": "Pending",
          "orderGuId": "82815AB4-F3D2-4A53-AA13-A6EAF5C9F19A"
      },
      {
          "productname": "Combolfilm",
          "productImage": "book.jpg",
          "productPrice": 100.1,
          "reportBy": "NA",
          "status": "Pending",
          "orderGuId": "82D3F412-1783-4640-A247-3679F77AA1F7"
      },
      {
          "productname": "Combolfilm",
          "productImage": "book.jpg",
          "productPrice": 100.1,
          "reportBy": "NA",
          "status": "Pending",
          "orderGuId": "FCE2416D-2E98-4509-85EB-02A2C432573F"
      },
      {
          "productname": "Combolfilm",
          "productImage": "book.jpg",
          "productPrice": 100.1,
          "reportBy": "NA",
          "status": "Pending",
          "orderGuId": "5BB43CB5-EFFB-4528-951D-0B8EB3AD4C1A"
      },
      {
          "productname": "Combolfilm",
          "productImage": "book.jpg",
          "productPrice": 100.1,
          "reportBy": "NA",
          "status": "Pending",
          "orderGuId": "586B2512-42C8-453A-A40E-12B2FB7CC2F7"
      },
      {
          "productname": "Combolfilm",
          "productImage": "book.jpg",
          "productPrice": 100.1,
          "reportBy": "NA",
          "status": "Pending",
          "orderGuId": "BEB61AA3-0775-487B-9DC4-EB71A655CB60"
      }
  ],
  "ErrorCode": "1"
}
