{

            "sections": [
                {
                    "content_length_text": "14:14",
                    "content_length": 854.0,
                    "index": 1,
                    "items": [
                        {   
                            "can_be_previewed": true,
                            "content_summary": "01:20",
                            "description": "",
                            "id": 21142282,
                            "icon_class": "udi udi-play-circle",
                            "is_coding_exercise": false,
                            "has_linked_workspace": false,
                            "landing_page_url": null,
                            "video_asset_id": 26423406,
                            "video_url": "//storage.googleapis.com/media-session/caminandes/short.mp4#t=80",
                            "learn_url": "/course/aspnet-web-api-2-hands-on/learn/video/21142282",
                            "title": "Introduction",
                            "object_index": 1,
                            "item_type": "video"
                        },
                        {
                            "can_be_previewed": true,
                            "content_summary": "02:20",
                            "description": "",
                            "id": 21142292,
                            "icon_class": "udi udi-play-circle",
                            "is_coding_exercise": false,
                            "has_linked_workspace": false,
                            "landing_page_url": null,
                            "video_asset_id": 26387774,
                            "video_url": "//storage.googleapis.com/media-session/caminandes/short.mp4#t=80",
                            "learn_url": "/course/aspnet-web-api-2-hands-on/learn/video/21142292",
                            "title": "Tools",
                            "object_index": 2,
                            "item_type": "video"
                        },
                        {
                            "can_be_previewed": true,
                            "content_summary": "02:12",
                            "description": "",
                            "id": 21142316,
                            "icon_class": "udi udi-play-circle",
                            "is_coding_exercise": false,
                            "has_linked_workspace": false,
                            "landing_page_url": null,
                            "video_asset_id": 26423608,
                            "video_url": "//storage.googleapis.com/media-session/caminandes/short.mp4#t=80",
                            "learn_url": "/course/aspnet-web-api-2-hands-on/learn/video/21142316",
                            "title": "Create a New Web Application",
                            "object_index": 3,
                            "item_type": "video"
                        },
                        {
                            "can_be_previewed": true,
                            "content_summary": "03:35",
                            "description": "",
                            "id": 21142330,
                            "icon_class": "udi udi-play-circle",
                            "is_coding_exercise": false,
                            "has_linked_workspace": false,
                            "landing_page_url": null,
                            "video_asset_id": 26387964,
                            "video_url": "//storage.googleapis.com/media-session/caminandes/short.mp4#t=80",
                            "learn_url": "/course/aspnet-web-api-2-hands-on/learn/video/21142330",
                            "title": "Project Overview",
                            "object_index": 4,
                            "item_type": "video"
                        },
                        {
                            "can_be_previewed": true,
                            "content_summary": "03:35",
                            "description": "",
                            "id": 21142336,
                            "icon_class": "udi udi-play-circle",
                            "is_coding_exercise": false,
                            "has_linked_workspace": false,
                            "landing_page_url": null,
                            "video_asset_id": 26387944,
                            "video_url": "/course/876544/preview/?startPreviewId=26387944",
                            "learn_url": "/course/aspnet-web-api-2-hands-on/learn/video/21142336",
                            "title": "First Web API Call",
                            "object_index": 5,
                            "item_type": "video"
                        },
                        {
                            "can_be_previewed": true,
                            "content_summary": "00:54",
                            "description": "",
                            "id": 21142340,
                            "icon_class": "udi udi-play-circle",
                            "is_coding_exercise": false,
                            "has_linked_workspace": false,
                            "landing_page_url": null,
                            "video_asset_id": 26387870,
                            "video_url": "/course/876544/preview/?startPreviewId=26387870",
                            "learn_url": "/course/aspnet-web-api-2-hands-on/learn/video/21142340",
                            "title": "Initialize Git Repository",
                            "object_index": 6,
                            "item_type": "video"
                        },
                        {
                            "can_be_previewed":true,
                            "content_summary": "00:18",
                            "description": "",
                            "id": 21142350,
                            "icon_class": "udi udi-file-o",
                            "is_coding_exercise": false,
                            "has_linked_workspace": false,
                            "landing_page_url": null,
                            "video_asset_id": null,
                            "video_url": "/new-video/21142350/popup/",
                            "learn_url": "/course/aspnet-web-api-2-hands-on/learn/video/21142350",
                            "title": "GitHub Repository",
                            "object_index": 7,
                            "item_type": "video"
                        }
                    ],
                    "video_count": 7,
                    "title": "Introduction"
                },
                {
                    "content_length_text": "31:02",
                    "content_length": 1862,
                    "index": 2,
                    "items": [
                        {
                            "can_be_previewed": true,
                            "content_summary": "00:37",
                            "description": "",
                            "id": 21142352,
                            "icon_class": "udi udi-play-circle",
                            "is_coding_exercise": false,
                            "has_linked_workspace": false,
                            "landing_page_url": null,
                            "video_asset_id": 26423414,
                            "video_url": "/course/876544/preview/?startPreviewId=26423414",
                            "learn_url": "/course/aspnet-web-api-2-hands-on/learn/video/21142352",
                            "title": "Introduction",
                            "object_index": 8,
                            "item_type": "video"
                        },
                        {
                            "can_be_previewed": true,
                            "content_summary": "02:28",
                            "description": "",
                            "id": 21142358,
                            "icon_class": "udi udi-play-circle",
                            "is_coding_exercise": false,
                            "has_linked_workspace": false,
                            "landing_page_url": null,
                            "video_asset_id": 26423432,
                            "video_url": "/course/876544/preview/?startPreviewId=26423432",
                            "learn_url": "/course/aspnet-web-api-2-hands-on/learn/video/21142358",
                            "title": "Model-View-Controller (MVC) Pattern",
                            "object_index": 9,
                            "item_type": "video"
                        },
                        {
                            "can_be_previewed": true,
                            "content_summary": "02:13",
                            "description": "",
                            "id": 21142360,
                            "icon_class": "udi udi-play-circle",
                            "is_coding_exercise": false,
                            "has_linked_workspace": false,
                            "landing_page_url": null,
                            "video_asset_id": 26387928,
                            "video_url": "/course/876544/preview/?startPreviewId=26387928",
                            "learn_url": "/course/aspnet-web-api-2-hands-on/learn/video/21142360",
                            "title": "Your First Model",
                            "object_index": 10,
                            "item_type": "video"
                        },
                        {
                            "can_be_previewed": true,
                            "content_summary": "06:16",
                            "description": "",
                            "id": 21142364,
                            "icon_class": "udi udi-play-circle",
                            "is_coding_exercise": false,
                            "has_linked_workspace": false,
                            "landing_page_url": null,
                            "video_asset_id": 26388104,
                            "video_url": "/course/876544/preview/?startPreviewId=26388104",
                            "learn_url": "/course/aspnet-web-api-2-hands-on/learn/video/21142364",
                            "title": "Your First Controller",
                            "object_index": 11,
                            "item_type": "video"
                        },
                        {
                            "can_be_previewed": true,
                            "content_summary": "04:12",
                            "description": "",
                            "id": 21142370,
                            "icon_class": "udi udi-play-circle",
                            "is_coding_exercise": false,
                            "has_linked_workspace": false,
                            "landing_page_url": null,
                            "video_asset_id": 26423476,
                            "video_url": "/course/876544/preview/?startPreviewId=26423476",
                            "learn_url": "/course/aspnet-web-api-2-hands-on/learn/video/21142370",
                            "title": "HTTP Methods",
                            "object_index": 12,
                            "item_type": "video"
                        },
                        {
                            "can_be_previewed": true,
                            "content_summary": "02:47",
                            "description": "",
                            "id": 21142374,
                            "icon_class": "udi udi-play-circle",
                            "is_coding_exercise": false,
                            "has_linked_workspace": false,
                            "landing_page_url": null,
                            "video_asset_id": 26387966,
                            "video_url": "/course/876544/preview/?startPreviewId=26387966",
                            "learn_url": "/course/aspnet-web-api-2-hands-on/learn/video/21142374",
                            "title": "GET Call for a Single Contact",
                            "object_index": 13,
                            "item_type": "video"
                        },
                        {
                            "can_be_previewed": true,
                            "content_summary": "03:39",
                            "description": "",
                            "id": 21142382,
                            "icon_class": "udi udi-play-circle",
                            "is_coding_exercise": false,
                            "has_linked_workspace": false,
                            "landing_page_url": null,
                            "video_asset_id": 26387994,
                            "video_url": "/course/876544/preview/?startPreviewId=26387994",
                            "learn_url": "/course/aspnet-web-api-2-hands-on/learn/video/21142382",
                            "title": "IActionResult & Status Codes",
                            "object_index": 14,
                            "item_type": "video"
                        },
                        {
                            "can_be_previewed": true,
                            "content_summary": "03:38",
                            "description": "",
                            "id": 21142392,
                            "icon_class": "udi udi-play-circle",
                            "is_coding_exercise": false,
                            "has_linked_workspace": false,
                            "landing_page_url": null,
                            "video_asset_id": 26387974,
                            "video_url": "/course/876544/preview/?startPreviewId=26387974",
                            "learn_url": "/course/aspnet-web-api-2-hands-on/learn/video/21142392",
                            "title": "POST Call",
                            "object_index": 15,
                            "item_type": "video"
                        },
                        {
                            "can_be_previewed":true,
                            "content_summary": "03:26",
                            "description": "",
                            "id": 21142402,
                            "icon_class": "udi udi-play-circle",
                            "is_coding_exercise": false,
                            "has_linked_workspace": false,
                            "landing_page_url": null,
                            "video_asset_id": 26387988,
                            "video_url": "/course/876544/preview/?startPreviewId=26387988",
                            "learn_url": "/course/aspnet-web-api-2-hands-on/learn/video/21142402",
                            "title": "PUT Call",
                            "object_index": 16,
                            "item_type": "video"
                        },
                        {
                            "can_be_previewed":true,
                            "content_summary": "01:02",
                            "description": "",
                            "id": 21142414,
                            "icon_class": "udi udi-play-circle",
                            "is_coding_exercise": false,
                            "has_linked_workspace": false,
                            "landing_page_url": null,
                            "video_asset_id": 26387952,
                            "video_url": "/course/876544/preview/?startPreviewId=26387952",
                            "learn_url": "/course/aspnet-web-api-2-hands-on/learn/video/21142414",
                            "title": "DELETE Call",
                            "object_index": 17,
                            "item_type": "video"
                        },
                        {
                            "can_be_previewed": true,
                            "content_summary": "00:44",
                            "description": "",
                            "id": 21142424,
                            "icon_class": "udi udi-play-circle",
                            "is_coding_exercise": false,
                            "has_linked_workspace": false,
                            "landing_page_url": null,
                            "video_asset_id": 26423442,
                            "video_url": "/course/876544/preview/?startPreviewId=26423442",
                            "learn_url": "/course/aspnet-web-api-2-hands-on/learn/video/21142424",
                            "title": "Summary",
                            "object_index": 18,
                            "item_type": "video"
                        }
                    ],
                    "video_count": 11,
                    "title": "Web API"
                },
                {
                    "content_length_text": "37:33",
                    "content_length": 2253,
                    "index": 3,
                    "items": [
                        {
                            "can_be_previewed":true,
                            "content_summary": "00:48",
                            "description": "",
                            "id": 21142442,
                            "icon_class": "udi udi-play-circle",
                            "is_coding_exercise": false,
                            "has_linked_workspace": false,
                            "landing_page_url": null,
                            "video_asset_id": 26423458,
                            "video_url": "",
                            "title": "Introduction",
                            "object_index": 19,
                            "item_type": "video"
                        },
                        {
                            "can_be_previewed":true,
                            "content_summary": "02:19",
                            "description": "",
                            "id": 21142448,
                            "icon_class": "udi udi-play-circle",
                            "is_coding_exercise": false,
                            "has_linked_workspace": false,
                            "landing_page_url": null,
                            "video_asset_id": 26423498,
                            "video_url": "/course/876544/preview/?startPreviewId=26423498",
                            "title": "Object-Relational-Mapping & Code-First Migration Explained",
                            "object_index": 20,
                            "item_type": "video"
                        },
                        {
                            "can_be_previewed":true,
                            "content_summary": "04:06",
                            "description": "",
                            "id": 21142456,
                            "icon_class": "udi udi-play-circle",
                            "is_coding_exercise": false,
                            "has_linked_workspace": false,
                            "landing_page_url": null,
                            "video_asset_id": 26388166,
                            "video_url": "/course/876544/preview/?startPreviewId=26388166",
                           
                            "title": "Installing Entity Framework",
                            "object_index": 21,
                            "item_type": "video"
                        },
                        {
                            "can_be_previewed":true,
                            "content_summary": "02:24",
                            "description": "",
                            "id": 21142462,
                            "icon_class": "udi udi-play-circle",
                            "is_coding_exercise": false,
                            "has_linked_workspace": false,
                            "landing_page_url": null,
                            "video_asset_id": 26423618,
                            "video_url": "/course/876544/preview/?startPreviewId=26423618",
                            
                            "title": "Installing SQL Server Express (with Management Studio)",
                            "object_index": 22,
                            "item_type": "video"
                        },
                        {
                            "can_be_previewed":true,
                            "content_summary": "02:22",
                            "description": "",
                            "id": 21142466,
                            "icon_class": "udi udi-play-circle",
                            "is_coding_exercise": false,
                            "has_linked_workspace": false,
                            "landing_page_url": null,
                            "video_asset_id": 26387998,
                            "video_url": "/course/876544/preview/?startPreviewId=26387998",
                            "learn_url": "/course/aspnet-web-api-2-hands-on/learn/video/21142466",
                            "title": "Implementing the DataContext",
                            "object_index": 23,
                            "item_type": "video"
                        },
                        {
                            "can_be_previewed":true,
                            "content_summary": "02:19",
                            "description": "",
                            "id": 21142532,
                            "icon_class": "udi udi-play-circle",
                            "is_coding_exercise": false,
                            "has_linked_workspace": false,
                            "landing_page_url": null,
                            "video_asset_id": 26388044,
                            "video_url": "/course/876544/preview/?startPreviewId=26388044",
                            
                            "title": "ConnectionString & Adding the DbContext",
                            "object_index": 24,
                            "item_type": "video"
                        },
                        {
                            "can_be_previewed":true,
                            "content_summary": "02:24",
                            "description": "",
                            "id": 21142544,
                            "icon_class": "udi udi-play-circle",
                            "is_coding_exercise": false,
                            "has_linked_workspace": false,
                            "landing_page_url": null,
                            "video_asset_id": 26388080,
                            "video_url": "/course/876544/preview/?startPreviewId=26388080",
                            
                            "title": "First Migration",
                            "object_index": 25,
                            "item_type": "video"
                        },
                        {
                            "can_be_previewed":true,
                            "content_summary": "01:49",
                            "description": "",
                            "id": 21142550,
                            "icon_class": "udi udi-play-circle",
                            "is_coding_exercise": false,
                            "has_linked_workspace": false,
                            "landing_page_url": null,
                            "video_asset_id": 26388060,
                            "video_url": "/course/876544/preview/?startPreviewId=26388060",
                            
                            "title": "A new Controller for Entity Framework",
                            "object_index": 26,
                            "item_type": "video"
                        },
                        {
                            "can_be_previewed":true,
                            "content_summary": "02:20",
                            "description": "",
                            "id": 21142560,
                            "icon_class": "udi udi-play-circle",
                            "is_coding_exercise": false,
                            "has_linked_workspace": false,
                            "landing_page_url": null,
                            "video_asset_id": 26423508,
                            "video_url": "/course/876544/preview/?startPreviewId=26423508",
                            
                            "title": "Asynchronous Calls",
                            "object_index": 27,
                            "item_type": "video"
                        },
                        {
                            "can_be_previewed":true,
                            "content_summary": "03:26",
                            "description": "",
                            "id": 21142564,
                            "icon_class": "udi udi-play-circle",
                            "is_coding_exercise": false,
                            "has_linked_workspace": false,
                            "landing_page_url": null,
                            "video_asset_id": 26388128,
                            "video_url": "/course/876544/preview/?startPreviewId=26388128",
                           
                            "title": "GET Implementations",
                            "object_index": 28,
                            "item_type": "video"
                        },
                        {
                            "can_be_previewed":true,
                            "content_summary": "02:54",
                            "description": "",
                            "id": 21142572,
                            "icon_class": "udi udi-play-circle",
                            "is_coding_exercise": false,
                            "has_linked_workspace": false,
                            "landing_page_url": null,
                            "video_asset_id": 26388122,
                            "video_url": "/course/876544/preview/?startPreviewId=26388122",
                            
                            "title": "POST Implementations",
                            "object_index": 29,
                            "item_type": "video"
                        },
                        {
                            "can_be_previewed":true,
                            "content_summary": "05:35",
                            "description": "",
                            "id": 21142576,
                            "icon_class": "udi udi-play-circle",
                            "is_coding_exercise": false,
                            "has_linked_workspace": false,
                            "landing_page_url": null,
                            "video_asset_id": 26423578,
                            "video_url": "/course/876544/preview/?startPreviewId=26423578",
                            
                            "title": "PUT Implementations",
                            "object_index": 30,
                            "item_type": "video"
                        },
                        {
                            "can_be_previewed":true,
                            "content_summary": "01:10",
                            "description": "",
                            "id": 21142584,
                            "icon_class": "udi udi-play-circle",
                            "is_coding_exercise": false,
                            "has_linked_workspace": false,
                            "landing_page_url": null,
                            "video_asset_id": 26423514,
                            "video_url": "/course/876544/preview/?startPreviewId=26423514",
                            "learn_url": "/course/aspnet-web-api-2-hands-on/learn/video/21142584",
                            "title": "DELETE Implementations",
                            "object_index": 31,
                            "item_type": "video"
                        },
                        {
                            "can_be_previewed":true,
                            "content_summary": "01:48",
                            "description": "",
                            "id": 21142588,
                            "icon_class": "udi udi-play-circle",
                            "is_coding_exercise": false,
                            "has_linked_workspace": false,
                            "landing_page_url": null,
                            "video_asset_id": 26423522,
                            "video_url": "/course/876544/preview/?startPreviewId=26423522",
                            
                            "title": "Soft Delete",
                            "object_index": 32,
                            "item_type": "video"
                        },
                        {
                            "can_be_previewed":true,
                            "content_summary": "01:49",
                            "description": "",
                            "id": 21142592,
                            "icon_class": "udi udi-play-circle",
                            "is_coding_exercise": false,
                            "has_linked_workspace": false,
                            "landing_page_url": null,
                            "video_asset_id": 26423516,
                            "video_url": "/course/876544/preview/?startPreviewId=26423516",
                            "title": "Summary",
                            "object_index": 33,
                            "item_type": "video"
                        }
                    ],
                    "video_count": 15,
                    "title": "Entity Framework"
                }
            
            ],
            "estimated_content_length_text": "02:54:30",
            "estimated_content_length_in_seconds": 10470,
            "num_of_published_videos": 50


}