[
    {
        "id": 4,
        "fullname": "Introduction Web Design ",
        "displayname": "Introduction Web Design",
        "shortname": "Introduction Web Design",
        "authorName":"By Abrar Hussain",
        "date": "5th FEB, 2020",
        "categoryid": 3,
        "categoryname": "Mutual Funds",
        "sortorder": 10008,
        "progress":0.70,
        "summary": "Learn how to build prototypes in Sketch. Find out how to prototype an image carousel for a website or mobile app, with these Sketch prototyping tips.",
        "overviewfiles":
            {
                "filename": "t1.jpg",
                "filepath": "/",
                "filesize": 4901,
                "fileurl": "https://img-b.udemycdn.com/course/240x135/394676_ce3d_5.jpg",
                "timemodified": 1578000888,
                "mimetype": "image/jpeg"
            },
        "enrollmentmethods": [
            "manual",
            "guest"
        ],
        "filters": [
            {
                "filter": "mathjaxloader",
                "localstate": 0,
                "inheritedstate": 1
            },
            {
                "filter": "displayh5p",
                "localstate": 0,
                "inheritedstate": 1
            },
            {
                "filter": "activitynames",
                "localstate": 0,
                "inheritedstate": 1
            },
            {
                "filter": "mediaplugin",
                "localstate": 0,
                "inheritedstate": 1
            }
        ]
    },


    {
        "id": 5,
        "fullname": "Introduction Web Design & HTML",
        "displayname": "Introduction Web Design",
        "shortname": "Introduction Web Design",
        "authorName":"By Abrar Hussain",
        "date": "5th FEB, 2020",

        "categoryid": 3,
        "categoryname": "Mutual Funds",
        "sortorder": 10008,
        "progress":0.20,
        "summary": "Learn how to build prototypes in Sketch. Find out how to prototype an image carousel for a website or mobile app, with these Sketch prototyping tips.",
        "overviewfiles": 
            {
                "filename": "t1.jpg",
                "filepath": "/",
                "filesize": 4901,
                "fileurl": "https://img-b.udemycdn.com/course/240x135/396876_cc92_7.jpg",
                "timemodified": 1578000888,
                "mimetype": "image/jpeg"
            },
        "enrollmentmethods": [
            "manual",
            "guest"
        ],
        "filters": [
            {
                "filter": "mathjaxloader",
                "localstate": 0,
                "inheritedstate": 1
            },
            {
                "filter": "displayh5p",
                "localstate": 0,
                "inheritedstate": 1
            },
            {
                "filter": "activitynames",
                "localstate": 0,
                "inheritedstate": 1
            },
            {
                "filter": "mediaplugin",
                "localstate": 0,
                "inheritedstate": 1
            }
        ]
    },
    {
        "id": 6,
        "fullname": "Introduction Web Design & HTML",
        "displayname": "Introduction Web Design",
        "shortname": "Introduction Web Design",
        "authorName":"By Abrar Hussain",
        "date": "5th FEB, 2020",

        "categoryid": 3,
        "categoryname": "Mutual Funds",
        "sortorder": 10008,
        "progress":0.00,
        "summary": "Learn how to build prototypes in Sketch. Find out how to prototype an image carousel for a website or mobile app, with these Sketch prototyping tips.",
        "overviewfiles":
            {
                "filename": "t1.jpg",
                "filepath": "/",
                "filesize": 4901,
                "fileurl": "https://img-b.udemycdn.com/course/240x135/405878_e5a0_3.jpg",
                "timemodified": 1578000888,
                "mimetype": "image/jpeg"
            },
        "enrollmentmethods": [
            "manual",
            "guest"
        ],
        "filters": [
            {
                "filter": "mathjaxloader",
                "localstate": 0,
                "inheritedstate": 1
            },
            {
                "filter": "displayh5p",
                "localstate": 0,
                "inheritedstate": 1
            },
            {
                "filter": "activitynames",
                "localstate": 0,
                "inheritedstate": 1
            },
            {
                "filter": "mediaplugin",
                "localstate": 0,
                "inheritedstate": 1
            }
        ]
    }
]
