{
    "status": "success",
    "data": [
        {
            "placed_by": "XXXXXX",
            "order_id": "123456789",
            "exchange_order_id": "123456789",
            "parent_order_id": null,
            "status": "Pending",
            "status_message": null,
            "status_message_raw": null,
            "order_timestamp": "20 Jul 2021 13.25",
            "exchange_update_timestamp": "2021-05-31 09:18:58",
            "exchange_timestamp": "2021-05-31 09:15:38",
            "day_change": 22.32,
            "day_change_percentage": 0.23,
            "variety": "regular",
            "exchange": "NSE",
            "tradingsymbol": "TCS",
            "instrument_token": 412675,
            "order_type": "Limit",
            "transaction_type": "BUY",
            "validity": "Day",
            "product": "Cover",
            "quantity": 0,
            "disclosed_quantity": 0,
            "live_price": 3251.65,
            "User_price":3250.00,
            "trigger_price": 0,
            "Order_Value": 32500.00,
            "filled_quantity": 0,
            "pending_quantity": 1,
            "cancelled_quantity": 1,
            "market_protection": 0,
            "meta": {},
            "tag": null,
            "guid": "XXXXX"
        },
        {
            "placed_by": "XXXXXX",
            "order_id": "123456789",
            "exchange_order_id": "123456789",
            "parent_order_id": null,
            "status": "Pending",
            "status_message": null,
            "status_message_raw": null,
            "order_timestamp": "20 Jul 2021 13.25",
            "exchange_update_timestamp": "2021-05-31 09:18:58",
            "exchange_timestamp": "2021-05-31 09:15:38",
            "day_change": 22.32,
            "day_change_percentage": 0.23,
            "variety": "regular",
            "exchange": "NSE",
            "tradingsymbol": "TCS",
            "instrument_token": 412675,
            "order_type": "Market",
            "transaction_type": "BUY",
            "validity": "Day",
            "product": "Cover",
            "quantity": 0,
            "disclosed_quantity": 0,
            "live_price": 3251.65,
            "User_price":3250.00,
            "trigger_price": 0,
            "Order_Value": 32500.00,
            "filled_quantity": 0,
            "pending_quantity": 1,
            "cancelled_quantity": 1,
            "market_protection": 0,
            "meta": {},
            "tag": null,
            "guid": "XXXXX"
        }
    ]
}