{
    "status": "success",
    "data": [
      {
        "tradingsymbol": "TCS",
        "exchange": "NSE",
        "instrument_token": 151064324,
        "isin": "INF204KB17I5",
        "product": "Delivery",
        "price": 3251.00,
        "quantity": 8,
        "used_quantity": 0,
        "t1_quantity": 0,
        "realised_quantity": 2,
        "authorised_quantity": 0,
        "authorised_date": "2021-06-08 00:00:00",
        "opening_quantity": 2,
        "collateral_quantity": 0,
        "collateral_type": "",
        "discrepancy": false,
        "average_price": 40.67,
        "last_price": 42.47,
        "close_price": 42.28,
        "pnl": 3.5999999999999943,
        "day_change": 26.62,
        "day_change_percentage": 0.23
      },
      {
        "tradingsymbol": "TCS",
        "exchange": "NSE",
        "instrument_token": 3677697,
        "isin": "INE669E01016",
        "product": "Intraday",
        "price": 3251.00,
        "quantity": -10,
        "used_quantity": 0,
        "t1_quantity": 0,
        "realised_quantity": 5,
        "authorised_quantity": 0,
        "authorised_date": "2021-06-08 00:00:00",
        "opening_quantity": 5,
        "collateral_quantity": 0,
        "collateral_type": "",
        "discrepancy": false,
        "average_price": 8.466,
        "last_price": 10,
        "close_price": 10.1,
        "pnl": 7.6700000000000035,
        "day_change": 22.62,
        "day_change_percentage": 0.23
      },
      {
        "tradingsymbol": "TCS",
        "exchange": "NSE",
        "instrument_token": 3677697,
        "isin": "INE669E01016",
        "product": "Intraday",
        "price": 3251.00,
        "quantity": 10,
        "used_quantity": 0,
        "t1_quantity": 0,
        "realised_quantity": 5,
        "authorised_quantity": 0,
        "authorised_date": "2021-06-08 00:00:00",
        "opening_quantity": 5,
        "collateral_quantity": 0,
        "collateral_type": "",
        "discrepancy": false,
        "average_price": 8.466,
        "last_price": 10,
        "close_price": 10.1,
        "pnl": 7.6700000000000035,
        "day_change": 22.62,
        "day_change_percentage": 0.23
      },
      {
        "tradingsymbol": "TCS",
        "exchange": "NSE",
        "instrument_token": 3677697,
        "isin": "INE669E01016",
        "product": "Intraday",
        "price": 3251.00,
        "quantity": 0,
        "used_quantity": 0,
        "t1_quantity": 0,
        "realised_quantity": 5,
        "authorised_quantity": 0,
        "authorised_date": "2021-06-08 00:00:00",
        "opening_quantity": 5,
        "collateral_quantity": 0,
        "collateral_type": "",
        "discrepancy": false,
        "average_price": 8.466,
        "last_price": 10,
        "close_price": 10.1,
        "pnl": 7.6700000000000035,
        "day_change": 22.62,
        "day_change_percentage": 0.23
      },
      {
        "tradingsymbol": "TCS",
        "exchange": "NSE",
        "instrument_token": 3677697,
        "isin": "INE669E01016",
        "product": "Bracket",
        "price": 3251.00,
        "quantity": 10,
        "used_quantity": 0,
        "t1_quantity": 0,
        "realised_quantity": 5,
        "authorised_quantity": 0,
        "authorised_date": "2021-06-08 00:00:00",
        "opening_quantity": 5,
        "collateral_quantity": 0,
        "collateral_type": "",
        "discrepancy": false,
        "average_price": 8.466,
        "last_price": 10,
        "close_price": 10.1,
        "pnl": 7.6700000000000035,
        "day_change": 22.62,
        "day_change_percentage": 0.23
      },
      {
        "tradingsymbol": "TCS",
        "exchange": "NSE",
        "instrument_token": 3677697,
        "isin": "INE669E01016",
        "product": "Cover",
        "price": 3251.00,
        "quantity": 10,
        "used_quantity": 0,
        "t1_quantity": 0,
        "realised_quantity": 5,
        "authorised_quantity": 0,
        "authorised_date": "2021-06-08 00:00:00",
        "opening_quantity": 5,
        "collateral_quantity": 0,
        "collateral_type": "",
        "discrepancy": false,
        "average_price": 8.466,
        "last_price": 10,
        "close_price": 10.1,
        "pnl": 7.6700000000000035,
        "day_change": 22.62,
        "day_change_percentage": 0.23
      }
    ]
  }