{
    "Orderlist": [
        {
            "name":"Course Category",
             "selected":false,
             "blueColor":false
        }, {
            "name":"Level",
             "selected":false,
             "blueColor":false

        }, {
            "name":"Price",
             "selected":false,
             "blueColor":false

        }, {
            "name":"Status",
             "selected":false,
             "blueColor":false

        }, {
            "name":"Ratings",
             "selected":false,
             "blueColor":false

        }, {
            "name":"Sort By",
             "selected":false,
             "blueColor":false

        }
        
        
        
        
        
        
    ],
    "CourseCategory": [
        {
            "name": "Mutual Fund",
            "id": 1,
            "select": false
        },
        {
            "name": "Beauty & Wellness",
            "id": 1,
            "select": false
        },
        {
            "name": "Life Insurance",
            "id": 1,
            "select": false
        },
        {
            "name": "Basic of Computer",
            "id": 1,
            "select": false
        },
        {
            "name": "Travel & Hospitality",
            "id": 1,
            "select": false
        },
        {
            "name": "Equity Dealer",
            "id": 1,
            "select": false
        },
        {
            "name": "Retail Sales",
            "id": 1,
            "select": false
        }
    ],
    "Level": [
        {
            "name": "Beginner",
            "id": 1,
            "select": false
        },
        {
            "name": "Intermediate",
            "id": 1,
            "select": false
        },
        {
            "name": "Advanced",
            "id": 1,
            "select": false
        }
    ],
    "Price": [
        {
            "name": "0-1000",
            "id": 1,
            "select": false
        },
        {
            "name": "1000-2000",
            "id": 1,
            "select": false
        },
        {
            "name": "2000-3000",
            "id": 1,
            "select": false
        },
        {
            "name": "3000-4000",
            "id": 1,
            "select": false
        },
        {
            "name": "4000 above",
            "id": 1,
            "select": false
        }
    ],
    "Status": [
        {
            "name": "Yet to Start",
            "id": 1,
            "select": false
        },
        {
            "name": "Ongoing",
            "id": 1,
            "select": false
        },
        {
            "name": "Completed",
            "id": 1,
            "select": false
        }
    ],
    "Ratings": [
        {
            "name": "assets/icon/fivestar.svg",
            "id": 1,
            "select": false
        },
        {
            "name": "assets/icon/fourstar.svg",
            "id": 1,
            "select": false
        },
        {
            "name": "assets/icon/threestar.svg",
            "id": 1,
            "select": false
        },
        {
            "name": "assets/icon/twostar.svg",
            "id": 1,
            "select": false
        },
        {
            "name": "assets/icon/onestar.svg",
            "id": 1,
            "select": false
        }
    ],
    "SortBy": [
        {
            "name": "Date-Recent to Old",
            "id": 1,
            "select": false
        },
        {
            "name": "Date-Old to Recent",
            "id": 1,
            "select": false
        },
        {
            "name": "Price-High to Low",
            "id": 1,
            "select": false
        },
        {
            "name": "Price Low to High",
            "id": 1,
            "select": false
        }
    ]
}